Model,Split,n,RMSE,MAE,R2,CVRMSE,NRMSE,sMAPE,MBE,MedAE,MASE,Coverage,MeanIntervalWidth
Prophet,train,2145,402.6087035007982,88.24895784509091,-0.04732335380061281,5.4533011013324675,0.06336303171243286,175.24520674769636,-54.12489436731588,9.412558531004485,1.880721588241419,0.6265734265734266,505.20180160354244
Prophet,val,396,17.2976304569953,8.62751651041529,-22.8359570706477,15.021626449495917,0.6652934791152039,172.5979761322892,8.348670104559089,4.037838578428669,0.18386570164975521,0.9873737373737373,414.5848836992667
Prophet,test,1056,4046.0527460156923,1260.1697292638141,-0.07339882020218913,3.142690059617381,0.13682039584795425,166.0106843236052,-1255.087172790559,167.39873349088646,26.856163206313024,0.5113636363636364,2214.4109208708483
NaiveLast,test,1056,4070.1671712699103,1381.764204545454,-0.08623183676883772,3.1614204542259148,0.13763584374644666,151.4914677625137,-443.4782196969697,266.5000000000001,29.447529271785363,,
SeasonalNaive12,test,1056,3407.192684401096,1016.4204545454543,0.23881289480180756,2.646468361296755,0.11521684987153742,165.03408530555566,-989.3295454545454,152.99999999999994,21.661489702228025,,
